{
    "object": {
        "x": 0.06918444949099681,
        "y": -0.28702293644146587,
        "z": 0.1284161854948754,
        "roll": 1.005862536727089,
        "pitch": 1.4888596734784412,
        "yaw": -0.43857109111522274
    },
    "Aerosol": {
        "x": 0.06918444949099681,
        "y": -0.28702293644146587,
        "z": 0.1284161854948754,
        "roll": 1.005862536727089,
        "pitch": 1.4888596734784412,
        "yaw": -0.43857109111522274
    },
    "Aluminium blister pack": {
        "x": 0.16785354745134154,
        "y": -0.3227131961537193,
        "z": 0.1126980202255026,
        "roll": 0.3060377538020959,
        "pitch": 1.3972314264592132,
        "yaw": -0.8519368908397672
    },
    "Aluminium foil": {
        "x": 0.16238945057760426,
        "y": -0.3179939270525034,
        "z": 0.10624701431532783,
        "roll": 0.36728615464517383,
        "pitch": 1.427631980064079,
        "yaw": -0.8018141051252498
    },
    "Battery": {
        "x": 0.2618571119502396,
        "y": -0.2902658034535846,
        "z": 0.12571617331424828,
        "roll": 0.24271180748035776,
        "pitch": 1.2918571314827771,
        "yaw": -0.6688098214424023
    },
    "Broken glass": {
        "x": 0.026446925011621995,
        "y": -0.2745091222882256,
        "z": 0.10762590476472444,
        "roll": 2.416684050123702,
        "pitch": 1.5089483391467575,
        "yaw": 0.8603897260877981
    },
    "Carded blister pack": {
        "x": 0.05713862358598429,
        "y": 0.244169291801291,
        "z": 0.11850484606136583,
        "roll": -2.9196013468698645,
        "pitch": 1.5029364879536684,
        "yaw": -1.548610816444789
    },
    "Cigarette": {
        "x": 0.08805031529252964,
        "y": 0.23985549302070192,
        "z": 0.1138398140659525,
        "roll": -2.424366986964042,
        "pitch": 1.4673768462235472,
        "yaw": -1.0657264839387313
    },
    "Clear plastic bottle": {
        "x": 0.2946215627246768,
        "y": 0.21688988082874242,
        "z": 0.1368283997508034,
        "roll": -0.5142574007218254,
        "pitch": 1.331286220198073,
        "yaw": 0.24966130479010204
    },
    "Corrugated carton": {
        "x": -0.024887681389910734,
        "y": 0.34291238095255133,
        "z": 0.14845727040170087,
        "roll": -0.5410221669894445,
        "pitch": 1.351613787208099,
        "yaw": 1.2289655070846033
    },
    "Crisp packet": {
        "x": 0.21910772207217927,
        "y": 0.2476649456006666,
        "z": 0.14210863900703508,
        "roll": -0.6750417630521984,
        "pitch": 1.3907855402946165,
        "yaw": 0.3072239510222709
    },
    "Disposable food container": {
        "x": 0.21878370606601116,
        "y": 0.24729152600267743,
        "z": 0.13610178440667695,
        "roll": -0.7328960996465571,
        "pitch": 1.406024134978605,
        "yaw": 0.250225047613902
    },
    "Disposable plastic cup": {
        "x": 0.21878370606601116,
        "y": 0.24729152600267743,
        "z": 0.13610178440667695,
        "roll": -0.7328960996465571,
        "pitch": 1.406024134978605,
        "yaw": 0.250225047613902
    },
    "Drink can": {
        "x": 0.21878370606601116,
        "y": 0.24729152600267743,
        "z": 0.13610178440667695,
        "roll": -0.7328960996465571,
        "pitch": 1.406024134978605,
        "yaw": 0.250225047613902
    },
    "Drink carton": {
        "x": 0.009938445016282358,
        "y": 0.33039737410015696,
        "z": 0.14247321678971275,
        "roll": -0.3608172090617153,
        "pitch": 1.4132592157792898,
        "yaw": 1.2422727549469703
    },
    "Egg carton": {
        "x": 0.0013879700974156297,
        "y": 0.33024037846109355,
        "z": 0.14217524206981047,
        "roll": -0.36372754104985605,
        "pitch": 1.4147043739375462,
        "yaw": 1.265270893413602
    },
    "Foam cup": {
        "x": 0.002887732515062952,
        "y": 0.32819439448559823,
        "z": 0.13791023991878382,
        "roll": -0.3996517214557816,
        "pitch": 1.43050469328034,
        "yaw": 1.2251734804590562
    },
    "Foam food container": {
        "x": 0.012429040933546194,
        "y": 0.32873792318548023,
        "z": 0.14886427157734777,
        "roll": -0.3386718464315955,
        "pitch": 1.3984560455221207,
        "yaw": 1.2561335924733574
    },
    "Food Can": {
        "x": 0.012429040933546194,
        "y": 0.32873792318548023,
        "z": 0.14886427157734777,
        "roll": -0.3402058272194649,
        "pitch": 1.3984560455221131,
        "yaw": 1.256133592473373
    },
    "Food waste": {
        "x": 0.012926501004848975,
        "y": 0.3286360354215326,
        "z": 0.14736934711512087,
        "roll": -0.34776537381418776,
        "pitch": 1.4028169033234068,
        "yaw": 1.2471612772063945
    },
    "Garbage bag": {
        "x": 0.019923661157321457,
        "y": 0.3282570248155504,
        "z": 0.14687112433025826,
        "roll": -0.3503723012939738,
        "pitch": 1.4042683572715955,
        "yaw": 1.2232837474125386
    },
    "Glass bottle": {
        "x": 0.19223841473579212,
        "y": -0.2543270355370486,
        "z": 0.14265352485846441,
        "roll": -0.03502756327153923,
        "pitch": 1.4461454354418002,
        "yaw": -0.9630901157822698
    },
    "Glass cup": {
        "x": 0.1961042623461403,
        "y": -0.24518386687863541,
        "z": 0.13387040842849093,
        "roll": -0.051536266244443234,
        "pitch": 1.4824629958793147,
        "yaw": -0.9521133210432651
    },
    "Glass jar": {
        "x": 0.1943529691409053,
        "y": -0.2405549829134769,
        "z": 0.12190944841412829,
        "roll": -0.026619347439122257,
        "pitch": 1.528037594148567,
        "yaw": -0.9291174645863394
    },
    "Magazine paper": {
        "x": 0.02792356911868986,
        "y": 0.309415929317495,
        "z": 0.13921911388382258,
        "roll": 0.24804430098089608,
        "pitch": 1.4711634774767868,
        "yaw": 1.6828063993737985
    },
    "Meal carton": {
        "x": 0.027736521733419284,
        "y": 0.30708349591061074,
        "z": 0.12159243650900078,
        "roll": 0.49373827755865113,
        "pitch": 1.5263861903581115,
        "yaw": 1.9291868819565978
    },
    "Metal bottle cap": {
        "x": 0.2239316225243549,
        "y": 0.22197226229456424,
        "z": 0.146550736892057,
        "roll": -0.032080297588588824,
        "pitch": 1.44160411917041,
        "yaw": 0.7428701653118824
    },
    "Metal lid": {
        "x": 0.22889717624840808,
        "y": 0.24115526790385297,
        "z": 0.15298520391640197,
        "roll": -0.020542858443974858,
        "pitch": 1.3870948121743725,
        "yaw": 0.7847094784216683
    },
    "Normal paper": {
        "x": 0.22556516146780992,
        "y": 0.24592612788884344,
        "z": 0.14896967972905717,
        "roll": 0.002182453381349199,
        "pitch": 1.3962607380020902,
        "yaw": 0.8193544211341044
    },
    "Other carton": {
        "x": 0.2182957212499302,
        "y": 0.25240097120344657,
        "z": 0.14896964025035161,
        "roll": 0.020303911399322114,
        "pitch": 1.396267418430803,
        "yaw": 0.862759216396718
    },
    "Other plastic bottle": {
        "x": 0.2182998671390872,
        "y": 0.2523621403428128,
        "z": 0.14846409804266564,
        "roll": 0.0142659066626934,
        "pitch": 1.3977852029703444,
        "yaw": 0.8579322654553376
    },
    "Other plastic container": {
        "x": 0.21895051079441732,
        "y": 0.25160612210846595,
        "z": 0.14593712471368703,
        "roll": 0.02058656545962327,
        "pitch": 1.4053569674977444,
        "yaw": 0.8599939453532217
    },
    "Other plastic cup": {
        "x": 0.22224493757009095,
        "y": 0.25382703837274406,
        "z": 0.1499158944914734,
        "roll": 0.020008889198235395,
        "pitch": 1.3856629290723241,
        "yaw": 0.8563812392396284
    },
    "Other plastic wrapper": {
        "x": 0.22890872627103698,